name,category,price_rupees,unit_label,active,needs_confirmation,source,source_page,notes
Teachers,Imported Whisky,399,30 ml,True,False,alcohol-menu-image,,
Grands,Imported Whisky,399,30 ml,True,False,alcohol-menu-image,,
Jameson,Imported Whisky,449,30 ml,True,False,alcohol-menu-image,,
Jack Daniel,Imported Whisky,549,30 ml,True,False,alcohol-menu-image,,
JW Black Label,Imported Whisky,549,30 ml,True,False,alcohol-menu-image,,
Grey Goose,Imported Vodka,549,30 ml,True,False,alcohol-menu-image,,
Absolute,Imported Vodka,449,30 ml,True,False,alcohol-menu-image,,
Smirnoff Vodka,Imported Vodka,399,30 ml,True,False,alcohol-menu-image,,
Eristoff,Domestic Vodka,249,30 ml,True,False,alcohol-menu-image,,
Juno Pink,Domestic Vodka,249,30 ml,True,False,alcohol-menu-image,,
Juno Plane Vodka,Domestic Vodka,249,30 ml,True,False,alcohol-menu-image,,
Signature,Domestic Whisky,249,30 ml,True,False,alcohol-menu-image,,
Royal Challenge,Domestic Whisky,249,30 ml,True,False,alcohol-menu-image,,
Antiquity,Domestic Whisky,299,30 ml,True,False,alcohol-menu-image,,
1848 Whisky,Domestic Whisky,249,30 ml,True,False,alcohol-menu-image,,
Morpheus Blue,Domestic Brandy,299,30 ml,True,False,alcohol-menu-image,,
Morpheus Black,Domestic Brandy,249,30 ml,True,False,alcohol-menu-image,,
1848 Brandy,Domestic Brandy,249,30 ml,True,False,alcohol-menu-image,,
Bacardi,Domestic Rum,249,30 ml,True,False,alcohol-menu-image,,
Bacardi Black / Lemon,Domestic Rum,249,30 ml,True,False,alcohol-menu-image,,
Old Monk,Domestic Rum,249,30 ml,True,False,alcohol-menu-image,,
Gordens,Gin,349,30 ml,True,False,alcohol-menu-image,,
Beefeater,Gin,399,30 ml,True,False,alcohol-menu-image,,
Bombay Sapphire,Gin,449,30 ml,True,False,alcohol-menu-image,,
Behave VSOP,Imported Brandy,549,30 ml,True,False,alcohol-menu-image,,
Kingfisher Ultra Max,Domestic Beer,549,1 serving,True,False,alcohol-menu-image,,
Kingfisher Select,Domestic Beer,449,1 serving,True,False,alcohol-menu-image,,
British Empire,Domestic Beer,449,1 serving,True,False,alcohol-menu-image,,
Amstell,Imported Beer,549,1 serving,True,False,alcohol-menu-image,,
Jägermeister,Shots,449,1 shot,True,False,alcohol-menu-image,,
Kahlúa,Shots,349,1 shot,True,False,alcohol-menu-image,,
Baileys,Shots,349,1 shot,True,False,alcohol-menu-image,,
Patrón Tequila,Shots,349,1 shot,True,False,alcohol-menu-image,,
Camino Tequila,Shots,249,1 shot,True,False,alcohol-menu-image,,
Mojito,Cocktails,299,1 cocktail,True,False,alcohol-menu-image,,
Sunrise / Sunset,Cocktails,299,1 cocktail,True,False,alcohol-menu-image,,
Sex on the Beach,Cocktails,299,1 cocktail,True,False,alcohol-menu-image,,
Pina Colada,Cocktails,299,1 cocktail,True,False,alcohol-menu-image,,
Whisky Sour,Cocktails,299,1 cocktail,True,False,alcohol-menu-image,,
Dai Kuri,Cocktails,249,1 cocktail,True,False,alcohol-menu-image,,
Maxina Beach,Cocktails,249,1 cocktail,True,False,alcohol-menu-image,,
Blue Lagoon,Cocktails,249,1 cocktail,True,False,alcohol-menu-image,,
Long Island Ice Tea,Cocktails,549,1 cocktail,True,False,alcohol-menu-image,,
Bartender Special Mocktails,Bar Non-Alcoholic,199,1 serving,True,False,alcohol-menu-image,,
All Juices (by glass),Bar Non-Alcoholic,149,1 serving,True,False,alcohol-menu-image,,
Tannic Water,Bar Non-Alcoholic,179,1 serving,True,True,alcohol-menu-image,,Source spelling/price is ambiguous; confirm intended product and event price before activation.
Ginger Air,Bar Non-Alcoholic,179,1 serving,True,True,alcohol-menu-image,,Source spelling/price is ambiguous; confirm intended product and event price before activation.
Soft Drinks (by glass),Bar Non-Alcoholic,149,1 serving,True,False,alcohol-menu-image,,
Water Bottle,Bar Non-Alcoholic,100,1 serving,True,True,alcohol-menu-image,,Price conflicts with food-menu PDF; confirm event price before activation.
Soda,Bar Non-Alcoholic,99,1 serving,True,True,alcohol-menu-image,,Price conflicts with food-menu PDF; confirm event price before activation.
Red Bull,Bar Non-Alcoholic,199,1 serving,True,True,alcohol-menu-image,,Price conflicts with food-menu PDF; confirm event price before activation.
Manchow Soup Veg,Soups,160,1 serving,True,False,food-menu-pdf,2,
Hot & Sour Soup Veg,Soups,160,1 serving,True,False,food-menu-pdf,2,
Sweet Corn Soup Veg,Soups,160,1 serving,True,False,food-menu-pdf,2,
Manchow Soup Nonveg,Soups,180,1 serving,True,False,food-menu-pdf,2,
Hot & Sour sop Nonveg,Soups,180,1 serving,True,False,food-menu-pdf,2,
Sweet Corn Soup Nonveg,Soups,180,1 serving,True,False,food-menu-pdf,2,
Veg Salad,Salads,120,1 serving,True,False,food-menu-pdf,2,
Peanut Salad,Salads,120,1 serving,True,False,food-menu-pdf,2,
Channa Salad,Salads,120,1 serving,True,False,food-menu-pdf,2,
Fruit Salad,Salads,140,1 serving,True,False,food-menu-pdf,2,
Sundal,Retro Special,80,1 serving,True,False,food-menu-pdf,3,
Rasavada,Retro Special,100,1 serving,True,False,food-menu-pdf,3,
French Fries,Retro Special,120,1 serving,True,False,food-menu-pdf,3,
Onion Pakoda,Retro Special,120,1 serving,True,False,food-menu-pdf,3,
Crispy Corn,Retro Special,120,1 serving,True,False,food-menu-pdf,3,
Podi Idli,Retro Special,120,1 serving,True,False,food-menu-pdf,3,
Chicken Popcorn,Retro Special,150,1 serving,True,False,food-menu-pdf,3,
Veg Momos - Steamed,Momos,180,1 serving,True,False,food-menu-pdf,3,
Veg Momos - Fried,Momos,180,1 serving,True,False,food-menu-pdf,3,
Chicken Momos - Steamed,Momos,220,1 serving,True,False,food-menu-pdf,3,
Chicken Momos - Fried,Momos,220,1 serving,True,False,food-menu-pdf,3,
Schezwan Chicken Momos - Steamed,Momos,240,1 serving,True,False,food-menu-pdf,3,
Schezwan Chicken Momos - Fried,Momos,240,1 serving,True,False,food-menu-pdf,3,
Paneer Momos - Steamed,Momos,240,1 serving,True,False,food-menu-pdf,3,
Paneer Momos - Fried,Momos,240,1 serving,True,False,food-menu-pdf,3,
Chicken Wings,Wings,200,1 serving,True,False,food-menu-pdf,3,
Sweet Chilly Wings,Wings,220,1 serving,True,False,food-menu-pdf,3,
Seasame Honey Wings,Wings,240,1 serving,True,False,food-menu-pdf,3,
Hot Garlic Wings,Wings,240,1 serving,True,False,food-menu-pdf,3,
French fries,Veg Starters,150,1 serving,True,False,food-menu-pdf,4,
Cheese Pineapple,Veg Starters,150,1 serving,True,False,food-menu-pdf,4,
Gobi 65,Veg Starters,200,1 serving,True,False,food-menu-pdf,4,
Chilli Gobi,Veg Starters,220,1 serving,True,False,food-menu-pdf,4,
Gobi Manchurian,Veg Starters,220,1 serving,True,False,food-menu-pdf,4,
Mushroom 65,Veg Starters,220,1 serving,True,False,food-menu-pdf,4,
Paneer 65,Veg Starters,240,1 serving,True,False,food-menu-pdf,4,
Garlic Pepper Mushroom,Veg Starters,240,1 serving,True,False,food-menu-pdf,4,
Mushroom Manchurian,Veg Starters,240,1 serving,True,False,food-menu-pdf,4,
Lotus Stem - 65,Veg Starters,250,1 serving,True,False,food-menu-pdf,4,
Chilli Paneer,Veg Starters,260,1 serving,True,False,food-menu-pdf,4,
Seasame Honey Lotus Stem,Veg Starters,270,1 serving,True,False,food-menu-pdf,4,Second identical line also appears in source; seed only one active record.
Honey Chilli Fried Lotus Stem,Veg Starters,270,1 serving,True,False,food-menu-pdf,4,
Chilli Lotus Stem,Veg Starters,270,1 serving,True,False,food-menu-pdf,4,
Fried Garlic & Pepper Lotus steam,Veg Starters,270,1 serving,True,False,food-menu-pdf,4,
Nethili Fish Fry,Sea Starter,300,1 serving,True,False,food-menu-pdf,5,
Fish Finger,Sea Starter,300,1 serving,True,False,food-menu-pdf,5,
Fish 65,Sea Starter,300,1 serving,True,False,food-menu-pdf,5,
Chilli Fish,Sea Starter,320,1 serving,True,False,food-menu-pdf,5,
Phuket Fish,Sea Starter,350,1 serving,True,False,food-menu-pdf,5,
Crispy Pepper Squid,Sea Starter,350,1 serving,True,False,food-menu-pdf,5,
Butter Garlic Squid,Sea Starter,350,1 serving,True,False,food-menu-pdf,5,
Chilli Prawns,Sea Starter,350,1 serving,True,False,food-menu-pdf,5,
Prawn 65,Sea Starter,350,1 serving,True,False,food-menu-pdf,5,
Lemon & Garlic Prawns - Fried,Sea Starter,350,1 serving,True,False,food-menu-pdf,5,
Lemon & Garlic Prawns - Non-Fried,Sea Starter,350,1 serving,True,False,food-menu-pdf,5,
Sesame Honey Prawns,Sea Starter,360,1 serving,True,False,food-menu-pdf,5,
Fish Fry Vanjaram,Sea Starter,350,1 serving,True,False,food-menu-pdf,5,
Mutton Ghee Roast,Mutton,350,1 serving,True,False,food-menu-pdf,6,
Mutton Pepper Fry,Mutton,350,1 serving,True,False,food-menu-pdf,6,
Mutton Chukka,Mutton,350,1 serving,True,False,food-menu-pdf,6,
Chilli Beef,Beef Starter,250,1 serving,True,False,food-menu-pdf,6,
Beef Tawa,Beef Starter,250,1 serving,True,False,food-menu-pdf,6,
Boiled Egg,Egg,100,1 serving,True,False,food-menu-pdf,6,
Half / Half Boiled,Egg,100,1 serving,True,False,food-menu-pdf,6,
Masala Omelette,Egg,100,1 serving,True,False,food-menu-pdf,6,
Egg Podimas,Egg,100,1 serving,True,False,food-menu-pdf,6,
Chilli Egg,Egg,150,1 serving,True,False,food-menu-pdf,6,
Cheese Omelette,Egg,150,1 serving,True,False,food-menu-pdf,6,
Chicken 65,Chicken,250,1 serving,True,False,food-menu-pdf,7,
Chicken Lollipop,Chicken,250,1 serving,True,False,food-menu-pdf,7,
Pepper Chicken,Chicken,270,1 serving,True,False,food-menu-pdf,7,
Schezwan Chicken,Chicken,270,1 serving,True,False,food-menu-pdf,7,
Chicken Chinthamani,Chicken,270,1 serving,True,False,food-menu-pdf,7,
Chicken Pallipalayam,Chicken,270,1 serving,True,False,food-menu-pdf,7,
Chicken Chukka,Chicken,270,1 serving,True,False,food-menu-pdf,7,
Andhra Chicken Fry,Chicken,270,1 serving,True,False,food-menu-pdf,7,
Tawa Chicken Fry,Chicken,270,1 serving,True,False,food-menu-pdf,7,
Chilli Chicken,Chicken,300,1 serving,True,False,food-menu-pdf,7,
Drums of Heaven,Chicken,300,1 serving,True,False,food-menu-pdf,7,
Dragon Chicken,Chicken,300,1 serving,True,False,food-menu-pdf,7,
Seasame Honey Chicken,Chicken,300,1 serving,True,False,food-menu-pdf,7,
Lemon Garlic Chicken,Chicken,300,1 serving,True,False,food-menu-pdf,7,
Japan Chicken,Chicken,300,1 serving,True,False,food-menu-pdf,7,
Hunan Chicken,Chicken,300,1 serving,True,False,food-menu-pdf,7,
Hariyali Chicken Tikka,Tikka,200,1 serving,True,False,food-menu-pdf,8,
Paneer Tikka,Tikka,250,1 serving,True,False,food-menu-pdf,8,
Paneer Malai Tikka,Tikka,270,1 serving,True,False,food-menu-pdf,8,
Chicken Tikka,Tikka,300,1 serving,True,False,food-menu-pdf,8,
Chicken Seekh Kabab,Tikka,300,1 serving,True,False,food-menu-pdf,8,
Chicken Malai Tikka,Tikka,320,1 serving,True,False,food-menu-pdf,8,
Tandoori Chicken - Half,Tikka,300,Half,True,False,food-menu-pdf,8,
Tandoori Chicken - Full,Tikka,570,Full,True,False,food-menu-pdf,8,
Saffron,Rice,120,1 serving,True,False,food-menu-pdf,8,
Jeera Rice,Rice,120,1 serving,True,False,food-menu-pdf,8,
Curd Rice,Rice,120,1 serving,True,False,food-menu-pdf,8,
Steamed Rice,Rice,120,1 serving,True,False,food-menu-pdf,8,
Rasam Rice,Rice,120,1 serving,True,False,food-menu-pdf,8,
veg Fried Rice,Fried Rice,210,1 serving,True,False,food-menu-pdf,9,
Egg Fried Rice,Fried Rice,220,1 serving,True,False,food-menu-pdf,9,
Mushroom Fried Rice,Fried Rice,240,1 serving,True,False,food-menu-pdf,9,
Gobi Fried Rice,Fried Rice,240,1 serving,True,False,food-menu-pdf,9,
Paneer Fried Rice,Fried Rice,260,1 serving,True,False,food-menu-pdf,9,
Chicken Fried Rice,Fried Rice,260,1 serving,True,False,food-menu-pdf,9,
Prawn Fried Rice,Fried Rice,290,1 serving,True,False,food-menu-pdf,9,
Mixed Veg Fried Rice,Fried Rice,299,1 serving,True,False,food-menu-pdf,9,
Mixed Non Veg Fried Rice,Fried Rice,330,1 serving,True,False,food-menu-pdf,9,
Egg Noodles,Noodles,230,1 serving,True,False,food-menu-pdf,10,
Veg Noodles,Noodles,240,1 serving,True,False,food-menu-pdf,10,
Mushroom Noodles,Noodles,250,1 serving,True,False,food-menu-pdf,10,
Gobi Noodles,Noodles,250,1 serving,True,False,food-menu-pdf,10,
Paneer Noodles,Noodles,270,1 serving,True,False,food-menu-pdf,10,
Chicken Noodles,Noodles,270,1 serving,True,False,food-menu-pdf,10,
Prawn Noodles,Noodles,300,1 serving,True,False,food-menu-pdf,10,
Mixed Veg Noodles,Noodles,310,1 serving,True,False,food-menu-pdf,10,
Mixed Non Veg Noodles,Noodles,340,1 serving,True,False,food-menu-pdf,10,
Phulka,Indian Breads,60,1 serving,True,False,food-menu-pdf,11,
Chapatthi,Indian Breads,60,1 serving,True,False,food-menu-pdf,11,
plain Naan,Indian Breads,60,1 serving,True,False,food-menu-pdf,11,
Butter Naan,Indian Breads,70,1 serving,True,False,food-menu-pdf,11,
Butter Garlic Naan,Indian Breads,80,1 serving,True,False,food-menu-pdf,11,
Rumale Roti,Indian Breads,80,1 serving,True,False,food-menu-pdf,11,
Cheese Naan,Indian Breads,100,1 serving,True,False,food-menu-pdf,11,
Daal Tadka,Veg Gravy,199,1 serving,True,False,food-menu-pdf,11,
Mushroom Peas Masala,Veg Gravy,240,1 serving,True,False,food-menu-pdf,11,
Aloo Gobi Kadai Masala,Veg Gravy,240,1 serving,True,False,food-menu-pdf,11,
Kadai Paneer,Veg Gravy,250,1 serving,True,False,food-menu-pdf,11,
Paneer Butter Masala,Veg Gravy,260,1 serving,True,False,food-menu-pdf,11,
Butter Chicken Masala,Chicken Gravy,299,1 serving,True,False,food-menu-pdf,12,
Kadai Chicken,Chicken Gravy,299,1 serving,True,False,food-menu-pdf,12,
Chicken Tikka Masala,Chicken Gravy,299,1 serving,True,False,food-menu-pdf,12,
Chettinad Chicken Currry,Chicken Gravy,299,1 serving,True,False,food-menu-pdf,12,
Mutton Varutha Curry,Mutton Gravy,350,1 serving,True,False,food-menu-pdf,12,
Mutton Pepper Masala,Mutton Gravy,350,1 serving,True,False,food-menu-pdf,12,
Prawn Tokku,Seafood Gravy,350,1 serving,True,False,food-menu-pdf,12,
Prawn Pepper Masala,Seafood Gravy,350,1 serving,True,False,food-menu-pdf,12,
Chettinad Prawn Curry,Seafood Gravy,350,1 serving,True,False,food-menu-pdf,12,
Kerala Prawn,Seafood Gravy,350,1 serving,True,False,food-menu-pdf,12,
Chocolate,Ice Cream,79,1 serving,True,False,food-menu-pdf,13,
Vennila,Ice Cream,79,1 serving,True,False,food-menu-pdf,13,
Strawberry,Ice Cream,79,1 serving,True,False,food-menu-pdf,13,
Lemon Juice,Juice,49,1 serving,True,False,food-menu-pdf,13,
Watermelon,Juice,79,1 serving,True,False,food-menu-pdf,13,
Lemon Soda (Salt / Sweet),Juice,79,1 serving,True,False,food-menu-pdf,13,
Pineapple,Juice,99,1 serving,True,False,food-menu-pdf,13,
Canned Juice,Juice,99,1 serving,True,False,food-menu-pdf,13,
Water,Beverages,25,1 serving,True,False,food-menu-pdf,14,
Soda,Beverages,30,1 serving,True,True,food-menu-pdf,14,Price conflicts with food-menu PDF; confirm event price before activation.
7 up,Beverages,50,1 serving,True,False,food-menu-pdf,14,
Pepsi,Beverages,50,1 serving,True,False,food-menu-pdf,14,
Tonic Water,Beverages,100,1 serving,True,False,food-menu-pdf,14,
Ginger ale,Beverages,100,1 serving,True,False,food-menu-pdf,14,
Red Bull,Beverages,200,1 serving,True,True,food-menu-pdf,14,Price conflicts with food-menu PDF; confirm event price before activation.
Butter Garlic Lobster,Sea Starter,,1 serving,False,False,food-menu-pdf,5,Seasonal price in source; ADMIN must configure numeric price before activation.
Pepper Crab,Sea Starter,,1 serving,False,False,food-menu-pdf,5,Seasonal price in source; ADMIN must configure numeric price before activation.
